-- MySQL Script generated by MySQL Workbench
-- Thu Feb 21 15:51:23 2019
-- Model: New Model    Version: 1.0
-- MySQL Workbench Forward Engineering

SET @OLD_UNIQUE_CHECKS=@@UNIQUE_CHECKS, UNIQUE_CHECKS=0;
SET @OLD_FOREIGN_KEY_CHECKS=@@FOREIGN_KEY_CHECKS, FOREIGN_KEY_CHECKS=0;
SET @OLD_SQL_MODE=@@SQL_MODE, SQL_MODE='ONLY_FULL_GROUP_BY,STRICT_TRANS_TABLES,NO_ZERO_IN_DATE,NO_ZERO_DATE,ERROR_FOR_DIVISION_BY_ZERO,NO_ENGINE_SUBSTITUTION';

-- -----------------------------------------------------
-- Schema bkf14
-- -----------------------------------------------------
DROP SCHEMA IF EXISTS `bkf14` ;

-- -----------------------------------------------------
-- Schema bkf14
-- -----------------------------------------------------
CREATE SCHEMA IF NOT EXISTS `bkf14` DEFAULT CHARACTER SET utf8 ;
SHOW WARNINGS;
USE `bkf14` ;

-- -----------------------------------------------------
-- Table `bkf14`.`petstore`
-- -----------------------------------------------------
DROP TABLE IF EXISTS `bkf14`.`petstore` ;

SHOW WARNINGS;
CREATE TABLE IF NOT EXISTS `bkf14`.`petstore` (
  `pst_id` SMALLINT NOT NULL,
  `pst_name` VARCHAR(30) NOT NULL,
  `pst_street` VARCHAR(30) NOT NULL,
  `pst_city` VARCHAR(30) NOT NULL,
  `pst_state` CHAR(2) NOT NULL,
  `pst_zip` INT(9) NOT NULL,
  `pst_phone` BIGINT NOT NULL,
  `pst_email` VARCHAR(100) NOT NULL,
  `pst_url` VARCHAR(100) NOT NULL,
  `pst_ytd_sales` DECIMAL(10,2) NOT NULL,
  `pst_notes` VARCHAR(255) NULL,
  PRIMARY KEY (`pst_id`))
ENGINE = InnoDB;

SHOW WARNINGS;

-- -----------------------------------------------------
-- Table `bkf14`.`customer`
-- -----------------------------------------------------
DROP TABLE IF EXISTS `bkf14`.`customer` ;

SHOW WARNINGS;
CREATE TABLE IF NOT EXISTS `bkf14`.`customer` (
  `cus_id` SMALLINT NOT NULL,
  `cus_fname` VARCHAR(15) NOT NULL,
  `cus_lname` VARCHAR(30) NOT NULL,
  `cus_street` VARCHAR(30) NOT NULL,
  `cus_city` VARCHAR(30) NOT NULL,
  `cus_state` CHAR(2) NOT NULL,
  `cus_zip` INT NOT NULL,
  `cus_phone` BIGINT NOT NULL,
  `cus_email` VARCHAR(100) NOT NULL,
  `cus_balance` DECIMAL(6,2) NOT NULL,
  `cus_total_sales` DECIMAL(6,2) NOT NULL,
  `cus_notes` VARCHAR(255) NULL,
  PRIMARY KEY (`cus_id`))
ENGINE = InnoDB;

SHOW WARNINGS;

-- -----------------------------------------------------
-- Table `bkf14`.`pet`
-- -----------------------------------------------------
DROP TABLE IF EXISTS `bkf14`.`pet` ;

SHOW WARNINGS;
CREATE TABLE IF NOT EXISTS `bkf14`.`pet` (
  `pet_id` SMALLINT NOT NULL,
  `pst_id` SMALLINT NOT NULL,
  `cus_id` SMALLINT NULL,
  `pet_type` VARCHAR(45) NOT NULL,
  `pet_sex` ENUM('m', 'f') NOT NULL,
  `pet_cost` DECIMAL(6,2) NOT NULL,
  `pet_price` DECIMAL(6,2) NOT NULL,
  `pet_age` TINYINT NOT NULL,
  `pet_color` VARCHAR(30) NOT NULL,
  `pet_sale_date` DATE NULL,
  `pet_vaccine` ENUM('y', 'n') NOT NULL,
  `pet_neuter` ENUM('y', 'n') NOT NULL,
  `pet_notes` VARCHAR(255) NULL,
  PRIMARY KEY (`pet_id`),
  INDEX `fk_pet_petstore_idx` (`pst_id` ASC),
  INDEX `fk_pet_customer1_idx` (`cus_id` ASC),
  CONSTRAINT `fk_pet_petstore`
    FOREIGN KEY (`pst_id`)
    REFERENCES `bkf14`.`petstore` (`pst_id`)
    ON DELETE CASCADE
    ON UPDATE CASCADE,
  CONSTRAINT `fk_pet_customer1`
    FOREIGN KEY (`cus_id`)
    REFERENCES `bkf14`.`customer` (`cus_id`)
    ON DELETE CASCADE
    ON UPDATE CASCADE)
ENGINE = InnoDB;

SHOW WARNINGS;

SET SQL_MODE=@OLD_SQL_MODE;
SET FOREIGN_KEY_CHECKS=@OLD_FOREIGN_KEY_CHECKS;
SET UNIQUE_CHECKS=@OLD_UNIQUE_CHECKS;

-- -----------------------------------------------------
-- Data for table `bkf14`.`petstore`
-- -----------------------------------------------------
START TRANSACTION;
USE `bkf14`;
INSERT INTO `bkf14`.`petstore` (`pst_id`, `pst_name`, `pst_street`, `pst_city`, `pst_state`, `pst_zip`, `pst_phone`, `pst_email`, `pst_url`, `pst_ytd_sales`, `pst_notes`) VALUES (1, 'Non Arcu Incorporated', '9905 Posuere Avenue', 'Ellikom', 'NY', 204545485, 1676085669, 'libero.nec@mauris.com', 'montes.nascetur@necimperdietnec.edu', 111.54, 'Nam ligula');
INSERT INTO `bkf14`.`petstore` (`pst_id`, `pst_name`, `pst_street`, `pst_city`, `pst_state`, `pst_zip`, `pst_phone`, `pst_email`, `pst_url`, `pst_ytd_sales`, `pst_notes`) VALUES (2, 'Fringilla Consulting', '1748 Euismod Av.', 'Caledon', 'NY', 691663025, 3329563637, 'sollicitudin.a@musProin.edu', 'dapibus@vulputateeuodio.org', 145.47, 'felis purus ac tellus.');
INSERT INTO `bkf14`.`petstore` (`pst_id`, `pst_name`, `pst_street`, `pst_city`, `pst_state`, `pst_zip`, `pst_phone`, `pst_email`, `pst_url`, `pst_ytd_sales`, `pst_notes`) VALUES (3, 'Mauris Ipsum Industries', '6750 Ipsum Road', 'Sulzbach', 'TX', 792812125, 5128012593, 'inceptos.hymenaeos.Mauris@turpisIncondimentum.org', 'vel.turpis.Aliquam@nuncullamcorper.com', 3100.45, 'adipiscing elit. Etiam laoreet,');
INSERT INTO `bkf14`.`petstore` (`pst_id`, `pst_name`, `pst_street`, `pst_city`, `pst_state`, `pst_zip`, `pst_phone`, `pst_email`, `pst_url`, `pst_ytd_sales`, `pst_notes`) VALUES (4, 'Lorem Incorporated', '2482 Erat St.', 'Markham', 'MS', 825783299, 8337614937, 'ligula@sedfacilisisvitae.com', 'In@etipsumcursus.co.uk', 2540.00, 'id magna');
INSERT INTO `bkf14`.`petstore` (`pst_id`, `pst_name`, `pst_street`, `pst_city`, `pst_state`, `pst_zip`, `pst_phone`, `pst_email`, `pst_url`, `pst_ytd_sales`, `pst_notes`) VALUES (5, 'Urna Ut Tincidunt PC', '9299 Nunc Avenue', 'Codognè', 'AZ', 213911419, 7869377773, 'Cras@habitant.co.uk', 'ut.eros@vitae.ca', 145, 'rutrum eu,');
INSERT INTO `bkf14`.`petstore` (`pst_id`, `pst_name`, `pst_street`, `pst_city`, `pst_state`, `pst_zip`, `pst_phone`, `pst_email`, `pst_url`, `pst_ytd_sales`, `pst_notes`) VALUES (6, 'In Faucibus Orci PC', '9199 Hendrerit St.', 'Purmerend', 'CA', 343847324, 1593415844, 'laoreet.libero@musProin.edu', 'in.aliquet@pedemalesuada.co.uk', 233, 'interdum.');
INSERT INTO `bkf14`.`petstore` (`pst_id`, `pst_name`, `pst_street`, `pst_city`, `pst_state`, `pst_zip`, `pst_phone`, `pst_email`, `pst_url`, `pst_ytd_sales`, `pst_notes`) VALUES (7, 'Purus Maecenas Associates', '3580 Commodo St.', 'Palayankottai', 'CA', 772599651, 5046183446, 'nec.cursus@nunc.org', 'ac@velmaurisInteger.co.uk', 443.89, 'tincidunt pede ac urna.');
INSERT INTO `bkf14`.`petstore` (`pst_id`, `pst_name`, `pst_street`, `pst_city`, `pst_state`, `pst_zip`, `pst_phone`, `pst_email`, `pst_url`, `pst_ytd_sales`, `pst_notes`) VALUES (8, 'Vel Pede Blandit Corp.', '1506 Mauris, Av.', 'Nellore', 'AZ', 316442033, 8313553627, 'elit.a.feugiat@DonecestNunc.net', 'neque.vitae@inhendreritconsectetuer.ca', 81.56, 'et malesuada');
INSERT INTO `bkf14`.`petstore` (`pst_id`, `pst_name`, `pst_street`, `pst_city`, `pst_state`, `pst_zip`, `pst_phone`, `pst_email`, `pst_url`, `pst_ytd_sales`, `pst_notes`) VALUES (9, 'Tempus Scelerisque Limited', '736-2654 Nunc Street', 'Sokoto', 'FL', 762977886, 6314905070, 'eget@Integer.co.uk', 'ut.pharetra.sed@utaliquamiaculis.co.uk', 44.29, 'tempor');
INSERT INTO `bkf14`.`petstore` (`pst_id`, `pst_name`, `pst_street`, `pst_city`, `pst_state`, `pst_zip`, `pst_phone`, `pst_email`, `pst_url`, `pst_ytd_sales`, `pst_notes`) VALUES (10, 'Eget Nisi Dictum Incorporated', '9888 Arcu. St.', 'Lisieux', 'NY', 312100586, 6378106412, 'Donec.vitae.erat@felis.org', 'montes.nascetur@ametdapibus.net', 52.08, 'Proin non massa non');

COMMIT;


-- -----------------------------------------------------
-- Data for table `bkf14`.`customer`
-- -----------------------------------------------------
START TRANSACTION;
USE `bkf14`;
INSERT INTO `bkf14`.`customer` (`cus_id`, `cus_fname`, `cus_lname`, `cus_street`, `cus_city`, `cus_state`, `cus_zip`, `cus_phone`, `cus_email`, `cus_balance`, `cus_total_sales`, `cus_notes`) VALUES (1, 'John', 'Roberts', '4324 Peach Ct', 'Tallahassee', 'FL', 111111111, 1111111111, 'j.roberts@gmail.com', 125.00, 125.00, NULL);
INSERT INTO `bkf14`.`customer` (`cus_id`, `cus_fname`, `cus_lname`, `cus_street`, `cus_city`, `cus_state`, `cus_zip`, `cus_phone`, `cus_email`, `cus_balance`, `cus_total_sales`, `cus_notes`) VALUES (2, 'Jacob', 'Smith', '123 Cherry Rd', 'Tallahassee', 'FL', 232134526, 2222222222, 'j.smith@gmail.com', 144.56, 150.00, NULL);
INSERT INTO `bkf14`.`customer` (`cus_id`, `cus_fname`, `cus_lname`, `cus_street`, `cus_city`, `cus_state`, `cus_zip`, `cus_phone`, `cus_email`, `cus_balance`, `cus_total_sales`, `cus_notes`) VALUES (3, 'Shelly', 'Singer', '4323 Watermelon', 'Tallahassee', 'FL', 124325543, 3333333333, 's.singer@aol.com', 53.60, 100.00, NULL);
INSERT INTO `bkf14`.`customer` (`cus_id`, `cus_fname`, `cus_lname`, `cus_street`, `cus_city`, `cus_state`, `cus_zip`, `cus_phone`, `cus_email`, `cus_balance`, `cus_total_sales`, `cus_notes`) VALUES (4, 'Thomas', 'Doe', '32 Apple Ln', 'Vacaville', 'CA', 352355674, 4444444444, 'shellysing@hotmail.com', 0.00, 400.00, NULL);
INSERT INTO `bkf14`.`customer` (`cus_id`, `cus_fname`, `cus_lname`, `cus_street`, `cus_city`, `cus_state`, `cus_zip`, `cus_phone`, `cus_email`, `cus_balance`, `cus_total_sales`, `cus_notes`) VALUES (5, 'Kate', 'Jackson', '6654 Banana St', 'Tallahassee', 'FL', 123242453, 5555555555, 'k.jack@gmail.com', 45.65, 600.00, NULL);
INSERT INTO `bkf14`.`customer` (`cus_id`, `cus_fname`, `cus_lname`, `cus_street`, `cus_city`, `cus_state`, `cus_zip`, `cus_phone`, `cus_email`, `cus_balance`, `cus_total_sales`, `cus_notes`) VALUES (6, 'Lauren', 'Williams', '463 Kiwi Rd', 'Tallahassee', 'FL', 432442565, 6666666666, 'lauren.williams@aol.com', 123.96, 300.00, NULL);
INSERT INTO `bkf14`.`customer` (`cus_id`, `cus_fname`, `cus_lname`, `cus_street`, `cus_city`, `cus_state`, `cus_zip`, `cus_phone`, `cus_email`, `cus_balance`, `cus_total_sales`, `cus_notes`) VALUES (7, 'Fisher', 'Wilson', '5334 Ginger Blvd', 'Austin', 'TX', 832349934, 7777777777, 'fishyfish@aol.com', 35.87, 230.00, NULL);
INSERT INTO `bkf14`.`customer` (`cus_id`, `cus_fname`, `cus_lname`, `cus_street`, `cus_city`, `cus_state`, `cus_zip`, `cus_phone`, `cus_email`, `cus_balance`, `cus_total_sales`, `cus_notes`) VALUES (8, 'Toni', 'Dorris', '554 Pineapple Ln', 'Houston', 'TX', 234234133, 8888888888, 'toniwoni@aol.com', 1223.45, 1500.00, NULL);
INSERT INTO `bkf14`.`customer` (`cus_id`, `cus_fname`, `cus_lname`, `cus_street`, `cus_city`, `cus_state`, `cus_zip`, `cus_phone`, `cus_email`, `cus_balance`, `cus_total_sales`, `cus_notes`) VALUES (9, 'Drew', 'Heartfield', '9965 Papaya Rd', 'Dallas', 'TX', 234342112, 9999999999, 'drewaheart@hotmail.com', 545.00, 600.00, NULL);
INSERT INTO `bkf14`.`customer` (`cus_id`, `cus_fname`, `cus_lname`, `cus_street`, `cus_city`, `cus_state`, `cus_zip`, `cus_phone`, `cus_email`, `cus_balance`, `cus_total_sales`, `cus_notes`) VALUES (10, 'Laney', 'Miller', '4325 Blueberry Dr', 'Sacramento', 'CA', 424414455, 1234567890, 'miller.laney@aol.com', 12.99, 25.00, NULL);

COMMIT;


-- -----------------------------------------------------
-- Data for table `bkf14`.`pet`
-- -----------------------------------------------------
START TRANSACTION;
USE `bkf14`;
INSERT INTO `bkf14`.`pet` (`pet_id`, `pst_id`, `cus_id`, `pet_type`, `pet_sex`, `pet_cost`, `pet_price`, `pet_age`, `pet_color`, `pet_sale_date`, `pet_vaccine`, `pet_neuter`, `pet_notes`) VALUES (10, 10, 10, 'cat', 'm', 123.44, 300.00, 4, 'black', '2018-12-12', 'n', 'y', 'nibh');
INSERT INTO `bkf14`.`pet` (`pet_id`, `pst_id`, `cus_id`, `pet_type`, `pet_sex`, `pet_cost`, `pet_price`, `pet_age`, `pet_color`, `pet_sale_date`, `pet_vaccine`, `pet_neuter`, `pet_notes`) VALUES (2, 2, 2, 'bird', 'f', 130.00, 324.00, 8, 'green', '2018-08-12', 'y', 'y', 'egestas');
INSERT INTO `bkf14`.`pet` (`pet_id`, `pst_id`, `cus_id`, `pet_type`, `pet_sex`, `pet_cost`, `pet_price`, `pet_age`, `pet_color`, `pet_sale_date`, `pet_vaccine`, `pet_neuter`, `pet_notes`) VALUES (3, 3, 3, 'dog', 'f', 231.00, 532.43, 14, 'indigo', '2017-05-15', 'y', 'y', 'dui nec urna suscipit');
INSERT INTO `bkf14`.`pet` (`pet_id`, `pst_id`, `cus_id`, `pet_type`, `pet_sex`, `pet_cost`, `pet_price`, `pet_age`, `pet_color`, `pet_sale_date`, `pet_vaccine`, `pet_neuter`, `pet_notes`) VALUES (4, 4, 4, 'rabbit', 'm', 15.00, 32.00, 9, 'gray', '2016-12-01', 'y', 'n', 'mauris. Integer sem elit,');
INSERT INTO `bkf14`.`pet` (`pet_id`, `pst_id`, `cus_id`, `pet_type`, `pet_sex`, `pet_cost`, `pet_price`, `pet_age`, `pet_color`, `pet_sale_date`, `pet_vaccine`, `pet_neuter`, `pet_notes`) VALUES (5, 5, 5, 'lizard', 'm', 213.00, 34.21, 10, 'violet', '2019-01-05', 'n', 'n', 'lectus, a sollicitudin');
INSERT INTO `bkf14`.`pet` (`pet_id`, `pst_id`, `cus_id`, `pet_type`, `pet_sex`, `pet_cost`, `pet_price`, `pet_age`, `pet_color`, `pet_sale_date`, `pet_vaccine`, `pet_neuter`, `pet_notes`) VALUES (6, 6, 6, 'lizard', 'm', 23.00, 453.33, 3, 'red', '2019-02-12', 'y', 'n', 'magna sed dui.');
INSERT INTO `bkf14`.`pet` (`pet_id`, `pst_id`, `cus_id`, `pet_type`, `pet_sex`, `pet_cost`, `pet_price`, `pet_age`, `pet_color`, `pet_sale_date`, `pet_vaccine`, `pet_neuter`, `pet_notes`) VALUES (1, 1, 1, 'snake', 'm', 15.00, 123.22, 4, 'black', '2016-10-09', 'y', 'y', 'ultrices iaculis odio. Nam');
INSERT INTO `bkf14`.`pet` (`pet_id`, `pst_id`, `cus_id`, `pet_type`, `pet_sex`, `pet_cost`, `pet_price`, `pet_age`, `pet_color`, `pet_sale_date`, `pet_vaccine`, `pet_neuter`, `pet_notes`) VALUES (8, 8, 8, 'dog', 'f', 230.00, 344.32, 4, 'black', '2016-03-14', 'n', 'n', 'Duis');
INSERT INTO `bkf14`.`pet` (`pet_id`, `pst_id`, `cus_id`, `pet_type`, `pet_sex`, `pet_cost`, `pet_price`, `pet_age`, `pet_color`, `pet_sale_date`, `pet_vaccine`, `pet_neuter`, `pet_notes`) VALUES (9, 9, 9, 'bird', 'f', 100.00, 231.22, 10, 'orange', '2018-02-12', 'n', 'y', 'vulputate, risus');
INSERT INTO `bkf14`.`pet` (`pet_id`, `pst_id`, `cus_id`, `pet_type`, `pet_sex`, `pet_cost`, `pet_price`, `pet_age`, `pet_color`, `pet_sale_date`, `pet_vaccine`, `pet_neuter`, `pet_notes`) VALUES (7, 7, 7, 'dog', 'f', 343.44, 400.00, 2, 'black', '2018-09-12', 'y', 'y', NULL);

COMMIT;

